{
  "comments": {
    "lineComment": "//",
    "blockComment": ["/*", "*/"]
  },
  "brackets": [
    ["{", "}"],
    ["[", "]"],
    ["(", ")"]
  ],
  "autoClosingPairs": [
    ["{", "}"],
    ["[", "]"],
    ["(", ")"],
    ["\"", "\""],
    ["'", "'"]
  ],
  "surroundingPairs": [
    ["{", "}"],
    ["[", "]"],
    ["(", ")"],
    ["\"", "\""],
    ["'", "'"]
  ],
  "indentationRules": {
    "increaseIndentPattern": "\\{[^}]*$",
    "decreaseIndentPattern": "^.*\\}"
  },
  "folding": {
    "markers": {
      "start": "^\\s*//\\s*#?region\\b",
      "end": "^\\s*//\\s*#?endregion\\b"
    }
  }
}
